rank,artist,album,year,genre,subgenre,country,format_owned,mood,standout_tracks,why_i_love_it,spotify_url,spotify_search_url,discogs_search_url,notes,spotify_id,cover_url,release_date
1,The Beatles,Rubber Soul (US Release),1965,Rock,,UK,,,,,https://open.spotify.com/album/3PRoXYsngSwjEQWR5PsHWR,https://open.spotify.com/search/The%20Beatles%20Rubber%20Soul%20%28US%20Release%29,https://www.discogs.com/search/?q=The%20Beatles%20Rubber%20Soul%20%28US%20Release%29&type=release,,3PRoXYsngSwjEQWR5PsHWR,https://i.scdn.co/image/ab67616d0000b27328b8b9b46428896e6491e97a,1966-08-05
2,The Beatles,Rubber Soul,1965,Rock,,UK,,,,,https://open.spotify.com/album/50o7kf2wLwVmOTVYJOTplm,https://open.spotify.com/search/The%20Beatles%20Rubber%20Soul,https://www.discogs.com/search/?q=The%20Beatles%20Rubber%20Soul&type=release,,50o7kf2wLwVmOTVYJOTplm,https://i.scdn.co/image/ab67616d0000b273ed801e58a9ababdea6ac7ce4,1965-12-03
3,Radiohead,In Rainbows,2007,Alternative,,UK,,,,,https://open.spotify.com/album/5vkqYmiPBYLaalcmjujWxK,https://open.spotify.com/search/Radiohead%20In%20Rainbows,https://www.discogs.com/search/?q=Radiohead%20In%20Rainbows&type=release,,5vkqYmiPBYLaalcmjujWxK,https://i.scdn.co/image/ab67616d0000b273de3c04b5fc750b68899b20a9,2007-12-28
4,The Beach Boys,Pet Sounds,1966,Pop,,USA,,,,,https://open.spotify.com/album/2CNEkSE8TADXRT2AzcEt1b,https://open.spotify.com/search/The%20Beach%20Boys%20Pet%20Sounds,https://www.discogs.com/search/?q=The%20Beach%20Boys%20Pet%20Sounds&type=release,,2CNEkSE8TADXRT2AzcEt1b,https://i.scdn.co/image/ab67616d0000b27350eb0c521d2d3b2f599bff04,1966-05-16
5,The Beatles,Sgt. Pepper's Lonely Hearts Club Band,1967,Rock,Psychedelic,UK,,,,,https://open.spotify.com/album/6QaVfG1pHYl1z15ZxkvVDW,https://open.spotify.com/search/The%20Beatles%20Sgt.%20Pepper%27s%20Lonely%20Hearts%20Club%20Band,https://www.discogs.com/search/?q=The%20Beatles%20Sgt.%20Pepper%27s%20Lonely%20Hearts%20Club%20Band&type=release,,6QaVfG1pHYl1z15ZxkvVDW,https://i.scdn.co/image/ab67616d0000b27334ef8f7d06cf2fc2146f420a,1967-06-01
6,Radiohead,Kid A,2000,Alternative,Electronic,UK,,,,,https://open.spotify.com/album/6GjwtEZcfenmOf6l18N7T7,https://open.spotify.com/search/Radiohead%20Kid%20A,https://www.discogs.com/search/?q=Radiohead%20Kid%20A&type=release,,6GjwtEZcfenmOf6l18N7T7,https://i.scdn.co/image/ab67616d0000b2736c7112082b63beefffe40151,2000-10-02
7,Belle & Sebastian,Dear Catastrophe Waitress,2003,Indie Pop,,UK,,,,,https://open.spotify.com/album/7HNrDkHNFopKBXGWf0UZML,https://open.spotify.com/search/Belle%20%26%20Sebastian%20Dear%20Catastrophe%20Waitress,https://www.discogs.com/search/?q=Belle%20%26%20Sebastian%20Dear%20Catastrophe%20Waitress&type=release,,7HNrDkHNFopKBXGWf0UZML,https://i.scdn.co/image/ab67616d0000b273978475485c66c12348fa6502,2003
8,Belle & Sebastian,If You're Feeling Sinister,1996,Indie Pop,,UK,,,,,https://open.spotify.com/album/3e9VtbXnl6tqrFKrnNyxaI,https://open.spotify.com/search/Belle%20%26%20Sebastian%20If%20You%27re%20Feeling%20Sinister,https://www.discogs.com/search/?q=Belle%20%26%20Sebastian%20If%20You%27re%20Feeling%20Sinister&type=release,,3e9VtbXnl6tqrFKrnNyxaI,https://i.scdn.co/image/ab67616d0000b273f34d475c7d683a9d7b5d1ae2,1998-02-02
9,Liars,Drum's Not Dead,2006,Post-Punk,Experimental,USA/Germany,,,,,https://open.spotify.com/album/4xeba6CVGWt31LsqwhS8Mg,https://open.spotify.com/search/Liars%20Drum%27s%20Not%20Dead,https://www.discogs.com/search/?q=Liars%20Drum%27s%20Not%20Dead&type=release,,4xeba6CVGWt31LsqwhS8Mg,https://i.scdn.co/image/ab67616d0000b273f1c756e409dc59b9272537ad,2006
10,Aphex Twin,Selected Ambient Works Volume II,1994,Ambient,IDM,UK,,,,,https://open.spotify.com/album/2SZZihZiCsFo87NKxDfxlH,https://open.spotify.com/search/Aphex%20Twin%20Selected%20Ambient%20Works%20Volume%20II,https://www.discogs.com/search/?q=Aphex%20Twin%20Selected%20Ambient%20Works%20Volume%20II&type=release,,2SZZihZiCsFo87NKxDfxlH,https://i.scdn.co/image/ab67616d0000b2738155dc4dae262f31d39d8296,1994-03-07
11,Aphex Twin,Drukqs,2001,IDM,Electronic,UK,,,,,https://open.spotify.com/album/2oJo7cB45gMVuRsaWNwDq2,https://open.spotify.com/search/Aphex%20Twin%20Drukqs,https://www.discogs.com/search/?q=Aphex%20Twin%20Drukqs&type=release,,2oJo7cB45gMVuRsaWNwDq2,https://i.scdn.co/image/ab67616d0000b2732e261a0b1b19d0ff95e346b3,2001-10-22
12,Brian Eno,Discreet Music,1975,Ambient,,UK,,,,,https://open.spotify.com/album/7b67MKOwyj7mIcEVnoJSOG,https://open.spotify.com/search/Brian%20Eno%20Discreet%20Music,https://www.discogs.com/search/?q=Brian%20Eno%20Discreet%20Music&type=release,,7b67MKOwyj7mIcEVnoJSOG,https://i.scdn.co/image/ab67616d0000b273b540c9476ea9425a2bd6d3ec,1975-12-05
13,Madvillain,Madvillainy,2004,Hip Hop,Underground,USA,,,,,https://open.spotify.com/album/19bQiwEKhXUBJWY6oV3KZk,https://open.spotify.com/search/Madvillain%20Madvillainy,https://www.discogs.com/search/?q=Madvillain%20Madvillainy&type=release,,19bQiwEKhXUBJWY6oV3KZk,https://i.scdn.co/image/ab67616d0000b2733e3bb917af94bd82074c5d47,2004-03-24
14,Radiohead,A Moon Shaped Pool,2016,Alternative,Chamber,UK,,,,,https://open.spotify.com/album/2ix8vWvvSp2Yo7rKMiWpkg,https://open.spotify.com/search/Radiohead%20A%20Moon%20Shaped%20Pool,https://www.discogs.com/search/?q=Radiohead%20A%20Moon%20Shaped%20Pool&type=release,,2ix8vWvvSp2Yo7rKMiWpkg,https://i.scdn.co/image/ab67616d0000b27345643f5cf119cbc9d2811c22,2016-05-08
15,Talking Heads,Remain in Light,1980,New Wave,Funk,USA,,,,,https://open.spotify.com/album/3AQgdwMNCiN7awXch5fAaG,https://open.spotify.com/search/Talking%20Heads%20Remain%20in%20Light,https://www.discogs.com/search/?q=Talking%20Heads%20Remain%20in%20Light&type=release,,3AQgdwMNCiN7awXch5fAaG,https://i.scdn.co/image/ab67616d0000b273e56fa8c916dc6ce419dcf557,1980-10-08
16,Haruomi Hosono,Paraiso,1978,Japanese Pop,Exotica,Japan,,,,,https://open.spotify.com/album/2WehoDdFUCXFkI1GPzNXsb,https://open.spotify.com/search/Haruomi%20Hosono%20Paraiso,https://www.discogs.com/search/?q=Haruomi%20Hosono%20Paraiso&type=release,,2WehoDdFUCXFkI1GPzNXsb,https://i.scdn.co/image/ab67616d0000b273860f500502057dca3a4cc5bc,1978
17,Haruomi Hosono,Hosono House,1973,Folk,Japanese Pop,Japan,,,,,https://open.spotify.com/album/0YbvbjeWwBhgeGfaiuEbAj,https://open.spotify.com/search/Haruomi%20Hosono%20Hosono%20House,https://www.discogs.com/search/?q=Haruomi%20Hosono%20Hosono%20House&type=release,,0YbvbjeWwBhgeGfaiuEbAj,https://i.scdn.co/image/ab67616d0000b27339d65beb6e083cbd6762c4e5,2024-11-01
18,Haruomi Hosono,Bon Voyage co.,1976,Japanese Pop,,Japan,,,,,https://open.spotify.com/album/6KnwcBSlk9m1Q5T2GZTOWW,https://open.spotify.com/search/Haruomi%20Hosono%20Bon%20Voyage%20co.,https://www.discogs.com/search/?q=Haruomi%20Hosono%20Bon%20Voyage%20co.&type=release,,6KnwcBSlk9m1Q5T2GZTOWW,https://i.scdn.co/image/ab67616d0000b273d31341b4f424dd4b80c895cd,2011-04-20
19,Haruomi Hosono,Omni Sight Seeing,1989,Ambient,World,Japan,,,,,https://open.spotify.com/album/3aQoO6RECYOVrcycmwE7gD,https://open.spotify.com/search/Haruomi%20Hosono%20Omni%20Sight%20Seeing,https://www.discogs.com/search/?q=Haruomi%20Hosono%20Omni%20Sight%20Seeing&type=release,,3aQoO6RECYOVrcycmwE7gD,https://i.scdn.co/image/ab67616d0000b27311b03ede35a813203a7cc4d5,1989
20,Brian Eno,Ambient 1: Music for Airports,1978,Ambient,,UK,,,,,https://open.spotify.com/album/063f8Ej8rLVTz9KkjQKEMa,https://open.spotify.com/search/Brian%20Eno%20Ambient%201%3A%20Music%20for%20Airports,https://www.discogs.com/search/?q=Brian%20Eno%20Ambient%201%3A%20Music%20for%20Airports&type=release,,063f8Ej8rLVTz9KkjQKEMa,https://i.scdn.co/image/ab67616d0000b27337a379ca6520eaf191de6ff2,1978
21,Brian Eno,Ambient 2: The Plateaux of Mirror,1980,Ambient,,UK,,,,,https://open.spotify.com/album/5ma9r5NFV0poevmydI2qgO,https://open.spotify.com/search/Brian%20Eno%20Ambient%202%3A%20The%20Plateaux%20of%20Mirror,https://www.discogs.com/search/?q=Brian%20Eno%20Ambient%202%3A%20The%20Plateaux%20of%20Mirror&type=release,,5ma9r5NFV0poevmydI2qgO,https://i.scdn.co/image/ab67616d0000b273eba05344ff7ca99e2fd35545,1980
22,Brian Eno,Ambient 4: On Land,1982,Ambient,,UK,,,,,https://open.spotify.com/album/6siM9Wpdrdlt5xQYohETIh,https://open.spotify.com/search/Brian%20Eno%20Ambient%204%3A%20On%20Land,https://www.discogs.com/search/?q=Brian%20Eno%20Ambient%204%3A%20On%20Land&type=release,,6siM9Wpdrdlt5xQYohETIh,https://i.scdn.co/image/ab67616d0000b273c83fef08b45f1784b4e916ba,1982-03-01
23,Tinariwen,Aman Iman: Water Is Life,2007,Tuareg,Desert Blues,Mali,,,,,https://open.spotify.com/album/2kV0ipibYRkAjrcxCd1Co0,https://open.spotify.com/search/Tinariwen%20Aman%20Iman%3A%20Water%20Is%20Life,https://www.discogs.com/search/?q=Tinariwen%20Aman%20Iman%3A%20Water%20Is%20Life&type=release,,2kV0ipibYRkAjrcxCd1Co0,https://i.scdn.co/image/ab67616d0000b2733987809e532a215c6b627848,2007-01-01
24,The Beatles,Magical Mystery Tour,1967,Rock,Psychedelic,UK,,,,,https://open.spotify.com/album/2BtE7qm1qzM80p9vLSiXkj,https://open.spotify.com/search/The%20Beatles%20Magical%20Mystery%20Tour,https://www.discogs.com/search/?q=The%20Beatles%20Magical%20Mystery%20Tour&type=release,,2BtE7qm1qzM80p9vLSiXkj,https://i.scdn.co/image/ab67616d0000b273692d9189b2bd75525893f0c1,1967-11-27
25,Bibio,Ambivalence Avenue,2009,Electronic,Folktronica,UK,,,,,https://open.spotify.com/album/5J9NcB7nK8kF7JsJur1V3G,https://open.spotify.com/search/Bibio%20Ambivalence%20Avenue,https://www.discogs.com/search/?q=Bibio%20Ambivalence%20Avenue&type=release,,5J9NcB7nK8kF7JsJur1V3G,https://i.scdn.co/image/ab67616d0000b273668d4182a4a0d4d18bac7104,2009-06-22
26,Bob Dylan,Blood on the Tracks,1975,Folk Rock,,USA,,,,,https://open.spotify.com/album/4WD4pslu83FF6oMa1e19mF,https://open.spotify.com/search/Bob%20Dylan%20Blood%20on%20the%20Tracks,https://www.discogs.com/search/?q=Bob%20Dylan%20Blood%20on%20the%20Tracks&type=release,,4WD4pslu83FF6oMa1e19mF,https://i.scdn.co/image/ab67616d0000b2733b5e52dc6433b80b060ce1df,1975-01-17
27,The Lounge Lizards,Voice of Chunk,1989,Jazz,Avant-garde,USA,,,,,https://open.spotify.com/album/6NjOkiaNpDXEjXvBoN4JOj,https://open.spotify.com/search/The%20Lounge%20Lizards%20Voice%20of%20Chunk,https://www.discogs.com/search/?q=The%20Lounge%20Lizards%20Voice%20of%20Chunk&type=release,,6NjOkiaNpDXEjXvBoN4JOj,https://i.scdn.co/image/ab67616d0000b2730c22d87ff06a294123884e36,1988
28,Culprate,Deliverance,2015,Electronic,Bass,UK,,,,,https://open.spotify.com/album/1L701VRgJC0tr2fIpv7HBO,https://open.spotify.com/search/Culprate%20Deliverance,https://www.discogs.com/search/?q=Culprate%20Deliverance&type=release,,1L701VRgJC0tr2fIpv7HBO,https://i.scdn.co/image/ab67616d0000b273ef70582904ac689ad27628a9,2014-12-08
29,Donovan,Hurdy Gurdy Man,1968,Folk Rock,Psychedelic,UK,,,,,https://open.spotify.com/album/22fHNsb3nrjDdPoKF7kdPz,https://open.spotify.com/search/Donovan%20Hurdy%20Gurdy%20Man,https://www.discogs.com/search/?q=Donovan%20Hurdy%20Gurdy%20Man&type=release,,22fHNsb3nrjDdPoKF7kdPz,https://i.scdn.co/image/ab67616d0000b273eb7263ecabf3ff77a5384ded,1968-10
30,The Flaming Lips,Yoshimi Battles the Pink Robots,2002,Alternative,Psychedelic,USA,,,,,https://open.spotify.com/album/49LA20VMk65fQyEaIzYdvf,https://open.spotify.com/search/The%20Flaming%20Lips%20Yoshimi%20Battles%20the%20Pink%20Robots,https://www.discogs.com/search/?q=The%20Flaming%20Lips%20Yoshimi%20Battles%20the%20Pink%20Robots&type=release,,49LA20VMk65fQyEaIzYdvf,https://i.scdn.co/image/ab67616d0000b273ca69f52416a728ebd0b9103c,2002-05-13
31,Charles Mingus,Mingus Mingus Mingus Mingus Mingus,1963,Jazz,,USA,,,,,https://open.spotify.com/album/12DCd8u80PoRIvBgjQrtuH,https://open.spotify.com/search/Charles%20Mingus%20Mingus%20Mingus%20Mingus%20Mingus%20Mingus,https://www.discogs.com/search/?q=Charles%20Mingus%20Mingus%20Mingus%20Mingus%20Mingus%20Mingus&type=release,,12DCd8u80PoRIvBgjQrtuH,https://i.scdn.co/image/ab67616d0000b27379fde413b9f2f706e40bc2da,1963
32,Can,Future Days,1973,Krautrock,,Germany,,,,,https://open.spotify.com/album/22ZgHorVJzcZ4m8YBZCw4w,https://open.spotify.com/search/Can%20Future%20Days,https://www.discogs.com/search/?q=Can%20Future%20Days&type=release,,22ZgHorVJzcZ4m8YBZCw4w,https://i.scdn.co/image/ab67616d0000b273f52e2def07cec0625d629592,1973
33,Can,Ege Bamyasi,1972,Krautrock,,Germany,,,,,https://open.spotify.com/album/3Qa2CdymyGvXkqoqIZykmT,https://open.spotify.com/search/Can%20Ege%20Bamyasi,https://www.discogs.com/search/?q=Can%20Ege%20Bamyasi&type=release,,3Qa2CdymyGvXkqoqIZykmT,https://i.scdn.co/image/ab67616d0000b273416cc99a089bbe8db8ac1311,1972
34,My Bloody Valentine,Loveless,1991,Shoegaze,,Ireland/UK,,,,,https://open.spotify.com/album/2SlSnUYW5bgtdWXVymv18a,https://open.spotify.com/search/My%20Bloody%20Valentine%20Loveless,https://www.discogs.com/search/?q=My%20Bloody%20Valentine%20Loveless&type=release,,2SlSnUYW5bgtdWXVymv18a,https://i.scdn.co/image/ab67616d0000b27387b29de6469d80156df6fefa,2013-02-02
35,Neutral Milk Hotel,In the Aeroplane Over the Sea,1998,Indie Folk,,USA,,,,,https://open.spotify.com/album/17q5eeNk3HAjX1gzQnkTX7,https://open.spotify.com/search/Neutral%20Milk%20Hotel%20In%20the%20Aeroplane%20Over%20the%20Sea,https://www.discogs.com/search/?q=Neutral%20Milk%20Hotel%20In%20the%20Aeroplane%20Over%20the%20Sea&type=release,,17q5eeNk3HAjX1gzQnkTX7,https://i.scdn.co/image/ab67616d0000b273bc1e41eed3ddbdfff6f2d74b,1998-02-20
36,Pink Floyd,The Dark Side of the Moon,1973,Progressive Rock,,UK,,,,,https://open.spotify.com/album/4LH4d3cOWNNsVw41Gqt2kv,https://open.spotify.com/search/Pink%20Floyd%20The%20Dark%20Side%20of%20the%20Moon,https://www.discogs.com/search/?q=Pink%20Floyd%20The%20Dark%20Side%20of%20the%20Moon&type=release,,4LH4d3cOWNNsVw41Gqt2kv,https://i.scdn.co/image/ab67616d0000b273db216ca805faf5fe35df4ee6,1973-03-01
37,Portishead,Dummy,1994,Trip Hop,,UK,,,,,https://open.spotify.com/album/3539EbNgIdEDGBKkUf4wno,https://open.spotify.com/search/Portishead%20Dummy,https://www.discogs.com/search/?q=Portishead%20Dummy&type=release,,3539EbNgIdEDGBKkUf4wno,https://i.scdn.co/image/ab67616d0000b273dc20397b139223620af148f6,1994-01-01
38,Pixies,Doolittle,1989,Alternative Rock,,USA,,,,,https://open.spotify.com/album/0DQyTVcDhK9wm0f6RaErWO,https://open.spotify.com/search/Pixies%20Doolittle,https://www.discogs.com/search/?q=Pixies%20Doolittle&type=release,,0DQyTVcDhK9wm0f6RaErWO,https://i.scdn.co/image/ab67616d0000b2730ab3c2a306c614fae36ff1d6,1989-04-17
39,Radiohead,Amnesiac,2001,Alternative,Electronic,UK,,,,,https://open.spotify.com/album/1HrMmB5useeZ0F5lHrMvl0,https://open.spotify.com/search/Radiohead%20Amnesiac,https://www.discogs.com/search/?q=Radiohead%20Amnesiac&type=release,,1HrMmB5useeZ0F5lHrMvl0,https://i.scdn.co/image/ab67616d0000b273863e0e305637100311c91aa7,2001-03-12
40,Radiohead,Hail to the Thief,2003,Alternative Rock,,UK,,,,,https://open.spotify.com/album/5mzoI3VH0ZWk1pLFR6RoYy,https://open.spotify.com/search/Radiohead%20Hail%20to%20the%20Thief,https://www.discogs.com/search/?q=Radiohead%20Hail%20to%20the%20Thief&type=release,,5mzoI3VH0ZWk1pLFR6RoYy,https://i.scdn.co/image/ab67616d0000b2730da53e8f58e59f28a79c10c7,2003-06-09
41,The Rapture,Echoes,2003,Dance-Punk,,USA,,,,,https://open.spotify.com/album/55TVi7WoeMxBOjqEGufOaf,https://open.spotify.com/search/The%20Rapture%20Echoes,https://www.discogs.com/search/?q=The%20Rapture%20Echoes&type=release,,55TVi7WoeMxBOjqEGufOaf,https://i.scdn.co/image/ab67616d0000b27325dc8bcdac613b94a09b9ac3,2003-09-08
42,Al Kooper & Shuggie Otis,Kooper Session,1969,Blues Rock,,USA,,,,,https://open.spotify.com/album/5Thk52KriUzwgzfkeKINAm,https://open.spotify.com/search/Al%20Kooper%20%26%20Shuggie%20Otis%20Kooper%20Session,https://www.discogs.com/search/?q=Al%20Kooper%20%26%20Shuggie%20Otis%20Kooper%20Session&type=release,,5Thk52KriUzwgzfkeKINAm,https://i.scdn.co/image/ab67616d0000b273a915d9e7600d04edc1acfd67,1969
43,Albert King,Born Under a Bad Sign,1967,Blues,,USA,,,,,https://open.spotify.com/album/0Ez9S8Dhzr1fa6ZCkcIJiR,https://open.spotify.com/search/Albert%20King%20Born%20Under%20a%20Bad%20Sign,https://www.discogs.com/search/?q=Albert%20King%20Born%20Under%20a%20Bad%20Sign&type=release,,0Ez9S8Dhzr1fa6ZCkcIJiR,https://i.scdn.co/image/ab67616d0000b27353d060bca8e1bfe646f09ef7,1967-01-01
44,Sam Cooke,Ain't That Good News,1964,Soul,,USA,,,,,https://open.spotify.com/album/4JtsHZBPAvCXNaXWOWV08j,https://open.spotify.com/search/Sam%20Cooke%20Ain%27t%20That%20Good%20News,https://www.discogs.com/search/?q=Sam%20Cooke%20Ain%27t%20That%20Good%20News&type=release,,4JtsHZBPAvCXNaXWOWV08j,https://i.scdn.co/image/ab67616d0000b2738eb25c6bc74158e97d389890,2003
45,The Smiths,The Queen Is Dead,1986,Alternative Rock,Jangle Pop,UK,,,,,https://open.spotify.com/album/5Y0p2XCgRRIjna91aQE8q7,https://open.spotify.com/search/The%20Smiths%20The%20Queen%20Is%20Dead,https://www.discogs.com/search/?q=The%20Smiths%20The%20Queen%20Is%20Dead&type=release,,5Y0p2XCgRRIjna91aQE8q7,https://i.scdn.co/image/ab67616d0000b2736236778a208a15eb71079601,1986-06-16
46,Muddy Waters,Muddy 'Mississippi' Waters Live,1979,Blues,,USA,,,,,https://open.spotify.com/album/7Dy6z1nWHNIF2IKCARP9QN,https://open.spotify.com/search/Muddy%20Waters%20Muddy%20%27Mississippi%27%20Waters%20Live,https://www.discogs.com/search/?q=Muddy%20Waters%20Muddy%20%27Mississippi%27%20Waters%20Live&type=release,,7Dy6z1nWHNIF2IKCARP9QN,https://i.scdn.co/image/ab67616d0000b2733a7f8c024f61a135eae3f219,2003-09-02
47,The Notorious B.I.G.,Ready to Die,1994,Hip Hop,,USA,,,,,https://open.spotify.com/album/2HTbQ0RHwukKVXAlTmCZP2,https://open.spotify.com/search/The%20Notorious%20B.I.G.%20Ready%20to%20Die,https://www.discogs.com/search/?q=The%20Notorious%20B.I.G.%20Ready%20to%20Die&type=release,,2HTbQ0RHwukKVXAlTmCZP2,https://i.scdn.co/image/ab67616d0000b2730f51e29700232d57fe8a0830,1994-09-13
48,Nas,Illmatic,1994,Hip Hop,,USA,,,,,https://open.spotify.com/album/3kEtdS2pH6hKcMU9Wioob1,https://open.spotify.com/search/Nas%20Illmatic,https://www.discogs.com/search/?q=Nas%20Illmatic&type=release,,3kEtdS2pH6hKcMU9Wioob1,https://i.scdn.co/image/ab67616d0000b27371d840defb002ed3b180f7cd,1994-04-19
49,Sufjan Stevens,Illinois,2005,Indie Folk,,USA,,,,,https://open.spotify.com/album/1pOl0KEC1iQnA6F0XxV4To,https://open.spotify.com/search/Sufjan%20Stevens%20Illinois,https://www.discogs.com/search/?q=Sufjan%20Stevens%20Illinois&type=release,,1pOl0KEC1iQnA6F0XxV4To,https://i.scdn.co/image/ab67616d0000b273712c76b4152918fb8d37c53d,2005-07-05
50,Talking Heads,Speaking in Tongues,1983,New Wave,,USA,,,,,https://open.spotify.com/album/4sLCQxMRfn3gAHrBNZtbTH,https://open.spotify.com/search/Talking%20Heads%20Speaking%20in%20Tongues,https://www.discogs.com/search/?q=Talking%20Heads%20Speaking%20in%20Tongues&type=release,,4sLCQxMRfn3gAHrBNZtbTH,https://i.scdn.co/image/ab67616d0000b273e35e2e2a4bfa8a30a78fc532,1983-05-31
51,Arcade Fire,Funeral,2004,Indie Rock,,Canada,,,,,https://open.spotify.com/album/6ZB8qaR9JNuS0Q0bG1nbcH,https://open.spotify.com/search/Arcade%20Fire%20Funeral,https://www.discogs.com/search/?q=Arcade%20Fire%20Funeral&type=release,,6ZB8qaR9JNuS0Q0bG1nbcH,https://i.scdn.co/image/ab67616d0000b2737870762a58313ad6f981d664,2004-06-16
52,Randy Weston,African Rhythms,1975,Jazz,African,USA,,,,,https://open.spotify.com/album/68ITL3LLtI9RxFDcpx1ir0,https://open.spotify.com/search/Randy%20Weston%20African%20Rhythms,https://www.discogs.com/search/?q=Randy%20Weston%20African%20Rhythms&type=release,,68ITL3LLtI9RxFDcpx1ir0,https://i.scdn.co/image/ab67616d0000b273f455f840417d218677ec9ea0,1969-06-03
53,Batsumi,Batsumi,1974,Spiritual Jazz,,South Africa,,,,,https://open.spotify.com/album/5uYPQOxhKyzMboAmxqdhcZ,https://open.spotify.com/search/Batsumi%20Batsumi,https://www.discogs.com/search/?q=Batsumi%20Batsumi&type=release,,5uYPQOxhKyzMboAmxqdhcZ,https://i.scdn.co/image/ab67616d0000b27332285e2e94887b306667d967,1974
54,Buena Vista Social Club,Buena Vista Social Club,1997,Cuban Son,,Cuba,,,,,https://open.spotify.com/album/5qcOy8sMqROZ0VEfK8LJZt,https://open.spotify.com/search/Buena%20Vista%20Social%20Club%20Buena%20Vista%20Social%20Club,https://www.discogs.com/search/?q=Buena%20Vista%20Social%20Club%20Buena%20Vista%20Social%20Club&type=release,,5qcOy8sMqROZ0VEfK8LJZt,https://i.scdn.co/image/ab67616d0000b273dc784c3f0767e576a0848b81,1997-06-23
55,Max Richter,Sleep,2015,Ambient,Modern Classical,Germany,,,,,https://open.spotify.com/album/0JLN7JryQ2T7lBEYIrSQF1,https://open.spotify.com/search/Max%20Richter%20Sleep,https://www.discogs.com/search/?q=Max%20Richter%20Sleep&type=release,,0JLN7JryQ2T7lBEYIrSQF1,https://i.scdn.co/image/ab67616d0000b273f8c65865f87dbcd6693856c9,2015
56,Bobby Raps & Corbin,Couch Potato,2016,Hip Hop,Experimental,USA,,,,,https://open.spotify.com/album/1lI1gzn63x4WkD41okIJZ4,https://open.spotify.com/search/Bobby%20Raps%20%26%20Corbin%20Couch%20Potato,https://www.discogs.com/search/?q=Bobby%20Raps%20%26%20Corbin%20Couch%20Potato&type=release,,1lI1gzn63x4WkD41okIJZ4,https://i.scdn.co/image/ab67616d0000b2732d6f14d05af6221397efb33e,2015-05-31
57,Nina Simone,Wild Is the Wind,1966,Jazz,Soul,USA,,,,,https://open.spotify.com/album/2EYVXfypcucR62WMKJl6Mr,https://open.spotify.com/search/Nina%20Simone%20Wild%20Is%20the%20Wind,https://www.discogs.com/search/?q=Nina%20Simone%20Wild%20Is%20the%20Wind&type=release,,2EYVXfypcucR62WMKJl6Mr,https://i.scdn.co/image/ab67616d0000b273f94461acebee60775ea22e77,1966-09-16
58,Chuck Berry,Berry Is on Top,1959,Rock and Roll,,USA,,,,,https://open.spotify.com/album/6eedtCtCjibu80yOhylSGL,https://open.spotify.com/search/Chuck%20Berry%20Berry%20Is%20on%20Top,https://www.discogs.com/search/?q=Chuck%20Berry%20Berry%20Is%20on%20Top&type=release,,6eedtCtCjibu80yOhylSGL,https://i.scdn.co/image/ab67616d0000b273a496dc8c33ca6d10668b3157,1959-07-01
59,Comets on Fire,Blue Cathedral,2004,Psychedelic Rock,,USA,,,,,https://open.spotify.com/album/2qBVJLaevQJIEhMAJBmCoR,https://open.spotify.com/search/Comets%20on%20Fire%20Blue%20Cathedral,https://www.discogs.com/search/?q=Comets%20on%20Fire%20Blue%20Cathedral&type=release,,2qBVJLaevQJIEhMAJBmCoR,https://i.scdn.co/image/ab67616d0000b2737028afef5c970cc7780beab2,2004-07-27
60,Idris Muhammad,Turn This Mutha Out,1977,Funk,Jazz Funk,USA,,,,,https://open.spotify.com/album/4PznnWq19AwatCG4lsyb5I,https://open.spotify.com/search/Idris%20Muhammad%20Turn%20This%20Mutha%20Out,https://www.discogs.com/search/?q=Idris%20Muhammad%20Turn%20This%20Mutha%20Out&type=release,,4PznnWq19AwatCG4lsyb5I,https://i.scdn.co/image/ab67616d0000b273d7de90b4628456f13fe629d2,1977
61,Robert Johnson,King of the Delta Blues Singers,1961,Delta Blues,,USA,,,,,https://open.spotify.com/album/2IWaNq5o4tG1w6yxve5BMU,https://open.spotify.com/search/Robert%20Johnson%20King%20of%20the%20Delta%20Blues%20Singers,https://www.discogs.com/search/?q=Robert%20Johnson%20King%20of%20the%20Delta%20Blues%20Singers&type=release,,2IWaNq5o4tG1w6yxve5BMU,https://i.scdn.co/image/ab67616d0000b27312549da864353c084cf0faa6,1937
62,Daniel Viglietti,Canciones para mi América,1968,Nueva Canción,,Uruguay,,,,,https://open.spotify.com/album/0juiSx3rYwjWO2JiWgnJsU,https://open.spotify.com/search/Daniel%20Viglietti%20Canciones%20para%20mi%20Am%C3%A9rica,https://www.discogs.com/search/?q=Daniel%20Viglietti%20Canciones%20para%20mi%20Am%C3%A9rica&type=release,,0juiSx3rYwjWO2JiWgnJsU,https://i.scdn.co/image/ab67616d0000b273b86960cf0ff54691b29b6520,1973-01-17
63,Fela Kuti,Opposite People,1977,Afrobeat,,Nigeria,,,,,https://open.spotify.com/album/5g1H9vcLJG8tYnXDzaWltt,https://open.spotify.com/search/Fela%20Kuti%20Opposite%20People,https://www.discogs.com/search/?q=Fela%20Kuti%20Opposite%20People&type=release,,5g1H9vcLJG8tYnXDzaWltt,https://i.scdn.co/image/ab67616d0000b273bf02a9c23186eb70bfee8573,1977
64,Jimi Hendrix Experience,Are You Experienced,1967,Psychedelic Rock,,USA/UK,,,,,https://open.spotify.com/album/7rSZXXHHvIhF4yUFdaOCy9,https://open.spotify.com/search/Jimi%20Hendrix%20Experience%20Are%20You%20Experienced,https://www.discogs.com/search/?q=Jimi%20Hendrix%20Experience%20Are%20You%20Experienced&type=release,,7rSZXXHHvIhF4yUFdaOCy9,https://i.scdn.co/image/ab67616d0000b273c9adfbd773852e286faed040,1967-05-12
65,Joy Division,Closer,1980,Post-Punk,Gothic,UK,,,,,https://open.spotify.com/album/1HnxC8MLDciii5LebJ09Ko,https://open.spotify.com/search/Joy%20Division%20Closer,https://www.discogs.com/search/?q=Joy%20Division%20Closer&type=release,,1HnxC8MLDciii5LebJ09Ko,https://i.scdn.co/image/ab67616d0000b27321590ea36e6264a1917d02eb,1980
66,Kenny Burrell,Midnight Blue,1963,Jazz,,USA,,,,,https://open.spotify.com/album/0hMuKAciHKinu4L3R4Ojjl,https://open.spotify.com/search/Kenny%20Burrell%20Midnight%20Blue,https://www.discogs.com/search/?q=Kenny%20Burrell%20Midnight%20Blue&type=release,,0hMuKAciHKinu4L3R4Ojjl,https://i.scdn.co/image/ab67616d0000b273337b64d3c252d562a33e4d35,1963
67,Lô Borges,Lô Borges,1972,MPB,Brazilian Rock,Brazil,,,,,https://open.spotify.com/album/0fXZAZ5XejnxhgRV38SH5I,https://open.spotify.com/search/L%C3%B4%20Borges%20L%C3%B4%20Borges,https://www.discogs.com/search/?q=L%C3%B4%20Borges%20L%C3%B4%20Borges&type=release,,0fXZAZ5XejnxhgRV38SH5I,https://i.scdn.co/image/ab67616d0000b2736706d7eee1f18d918ab17b78,1972-01-01
68,Frank Ocean,Blonde,2016,R&B,Alt,USA,,,,,https://open.spotify.com/album/3mH6qwIy9crq0I9YQbOuDf,https://open.spotify.com/search/Frank%20Ocean%20Blonde,https://www.discogs.com/search/?q=Frank%20Ocean%20Blonde&type=release,,3mH6qwIy9crq0I9YQbOuDf,https://i.scdn.co/image/ab67616d0000b273c5649add07ed3720be9d5526,2016-08-20
69,Medeski Martin & Wood,Combustication,1998,Jazz,Acid Jazz,USA,,,,,https://open.spotify.com/album/409EgDFqusiF1kmmm3NBzN,https://open.spotify.com/search/Medeski%20Martin%20%26%20Wood%20Combustication,https://www.discogs.com/search/?q=Medeski%20Martin%20%26%20Wood%20Combustication&type=release,,409EgDFqusiF1kmmm3NBzN,https://i.scdn.co/image/ab67616d0000b2735284417a14e1e1f93c92aab1,1998-01-01
70,Michael Jackson,Dangerous,1991,Pop,R&B,USA,,,,,https://open.spotify.com/album/0oX4SealMgNXrvRDhqqOKg,https://open.spotify.com/search/Michael%20Jackson%20Dangerous,https://www.discogs.com/search/?q=Michael%20Jackson%20Dangerous&type=release,,0oX4SealMgNXrvRDhqqOKg,https://i.scdn.co/image/ab67616d0000b273bf4cf0f48b94d0c8297b751a,1991-11-13
71,Nusrat Fateh Ali Khan,(any essentials),,Qawwali,,Pakistan,,,,,,https://open.spotify.com/search/Nusrat%20Fateh%20Ali%20Khan%20%28any%20essentials%29,https://www.discogs.com/search/?q=Nusrat%20Fateh%20Ali%20Khan%20%28any%20essentials%29&type=release,Pick a specific record,,,
72,Roberto Murolo,La chanson napolitaine de Roberto Murolo,1963,Neapolitan,Folk,Italy,,,,,https://open.spotify.com/album/0wZh80oUur79qrI9ctgqvG,https://open.spotify.com/search/Roberto%20Murolo%20La%20chanson%20napolitaine%20de%20Roberto%20Murolo,https://www.discogs.com/search/?q=Roberto%20Murolo%20La%20chanson%20napolitaine%20de%20Roberto%20Murolo&type=release,,0wZh80oUur79qrI9ctgqvG,https://i.scdn.co/image/ab67616d0000b2730c08c87e0688e2c3ec1559f6,2005-06-26
73,Saul Williams,The Inevitable Rise and Liberation of NiggyTardust!,2007,Hip Hop,Experimental,USA,,,,,https://open.spotify.com/album/40Hyq2XWHHXJ07Ofap0gIe,https://open.spotify.com/search/Saul%20Williams%20The%20Inevitable%20Rise%20and%20Liberation%20of%20NiggyTardust%21,https://www.discogs.com/search/?q=Saul%20Williams%20The%20Inevitable%20Rise%20and%20Liberation%20of%20NiggyTardust%21&type=release,,40Hyq2XWHHXJ07Ofap0gIe,https://i.scdn.co/image/ab67616d0000b273758074ef673d9c2ad26dd2d5,2007-11-01
74,Sun Ra & His Arkestra,Lanquidity,1978,Spiritual Jazz,Fusion,USA,,,,,https://open.spotify.com/album/6hwD6ZjtCYrZSBMmK5se46,https://open.spotify.com/search/Sun%20Ra%20%26%20His%20Arkestra%20Lanquidity,https://www.discogs.com/search/?q=Sun%20Ra%20%26%20His%20Arkestra%20Lanquidity&type=release,,6hwD6ZjtCYrZSBMmK5se46,https://i.scdn.co/image/ab67616d0000b2736025463556f402c9bc072221,2021-05-14
75,Quelle Chris,"Being You Is Great, I Wish I Could Be You More Often",2017,Hip Hop,,USA,,,,,https://open.spotify.com/album/2eJj1eUYop7iG9iIyV8hcs,https://open.spotify.com/search/Quelle%20Chris%20Being%20You%20Is%20Great%2C%20I%20Wish%20I%20Could%20Be%20You%20More%20Often,https://www.discogs.com/search/?q=Quelle%20Chris%20Being%20You%20Is%20Great%2C%20I%20Wish%20I%20Could%20Be%20You%20More%20Often&type=release,,2eJj1eUYop7iG9iIyV8hcs,https://i.scdn.co/image/ab67616d0000b27303b00c63b87ce6776efb27ba,2017-02-10
76,Thelonious Monk,Monk's Music,1957,Jazz,,USA,,,,,https://open.spotify.com/album/5VTHqe7GnSKHRqq9qF8O5G,https://open.spotify.com/search/Thelonious%20Monk%20Monk%27s%20Music,https://www.discogs.com/search/?q=Thelonious%20Monk%20Monk%27s%20Music&type=release,,5VTHqe7GnSKHRqq9qF8O5G,https://i.scdn.co/image/ab67616d0000b273131a090d9ec1866e7368f869,1957
77,Tom Waits,Real Gone,2004,Experimental Rock,,USA,,,,,https://open.spotify.com/album/6F17MbloTeRoXs7JI3lTHy,https://open.spotify.com/search/Tom%20Waits%20Real%20Gone,https://www.discogs.com/search/?q=Tom%20Waits%20Real%20Gone&type=release,,6F17MbloTeRoXs7JI3lTHy,https://i.scdn.co/image/ab67616d0000b273c11e9584279b388fa9db4633,2004-10-05
78,Vashti Bunyan,Just Another Diamond Day,1970,Folk,,UK,,,,,https://open.spotify.com/album/6BjFznpsyrxCFMpp3hzlD2,https://open.spotify.com/search/Vashti%20Bunyan%20Just%20Another%20Diamond%20Day,https://www.discogs.com/search/?q=Vashti%20Bunyan%20Just%20Another%20Diamond%20Day&type=release,,6BjFznpsyrxCFMpp3hzlD2,https://i.scdn.co/image/ab67616d0000b273aa75bc2cbc0003e7ef6add7a,1970
79,Violent Femmes,Violent Femmes,1983,Folk Punk,,USA,,,,,https://open.spotify.com/album/0Ojio25IPzIrw1rUmgrhrG,https://open.spotify.com/search/Violent%20Femmes%20Violent%20Femmes,https://www.discogs.com/search/?q=Violent%20Femmes%20Violent%20Femmes&type=release,,0Ojio25IPzIrw1rUmgrhrG,https://i.scdn.co/image/ab67616d0000b27354096a7f898de0233d76f626,1983-01-01
80,The Walkmen,Everyone Who Pretended to Like Me Is Gone,2002,Indie Rock,,USA,,,,,https://open.spotify.com/album/40nISQwjb2EbI7CyTNmTea,https://open.spotify.com/search/The%20Walkmen%20Everyone%20Who%20Pretended%20to%20Like%20Me%20Is%20Gone,https://www.discogs.com/search/?q=The%20Walkmen%20Everyone%20Who%20Pretended%20to%20Like%20Me%20Is%20Gone&type=release,,40nISQwjb2EbI7CyTNmTea,https://i.scdn.co/image/ab67616d0000b273a39b2ffd81fa1735eb88d791,2002-03-26
81,Bob Marley & The Wailers,Uprising,1980,Reggae,,Jamaica,,,,,https://open.spotify.com/album/321q9p7PELvzcFAWxml7VX,https://open.spotify.com/search/Bob%20Marley%20%26%20The%20Wailers%20Uprising,https://www.discogs.com/search/?q=Bob%20Marley%20%26%20The%20Wailers%20Uprising&type=release,,321q9p7PELvzcFAWxml7VX,https://i.scdn.co/image/ab67616d0000b2731c40418d1c37d727e8e91b04,1980-06-10
82,Bobby Darin,That's All,1959,Vocal,Jazz,USA,,,,,https://open.spotify.com/album/5MsJK0kqiYIJDmd3cjkGMn,https://open.spotify.com/search/Bobby%20Darin%20That%27s%20All,https://www.discogs.com/search/?q=Bobby%20Darin%20That%27s%20All&type=release,,5MsJK0kqiYIJDmd3cjkGMn,https://i.scdn.co/image/ab67616d0000b273e774643594281699bde1e4ed,1959
83,Gil Scott-Heron,Pieces of a Man,1971,Soul,Spoken Word,USA,,,,,https://open.spotify.com/album/3Iny1eqJMoqU1I1UoUbVQl,https://open.spotify.com/search/Gil%20Scott-Heron%20Pieces%20of%20a%20Man,https://www.discogs.com/search/?q=Gil%20Scott-Heron%20Pieces%20of%20a%20Man&type=release,,3Iny1eqJMoqU1I1UoUbVQl,https://i.scdn.co/image/ab67616d0000b273c930e4ed835b0fd546c7324f,1971-01-01
84,Miles Davis,Bitches Brew,1970,Jazz Fusion,,USA,,,,,https://open.spotify.com/album/3Q0zkOZEOC855ErOOJ1AdO,https://open.spotify.com/search/Miles%20Davis%20Bitches%20Brew,https://www.discogs.com/search/?q=Miles%20Davis%20Bitches%20Brew&type=release,,3Q0zkOZEOC855ErOOJ1AdO,https://i.scdn.co/image/ab67616d0000b2733f29c5269be5a4e9c4611d7a,1970-04
85,J.S. Bach,(any essentials),,Classical,Baroque,Germany,,,,,,https://open.spotify.com/search/J.S.%20Bach%20%28any%20essentials%29,https://www.discogs.com/search/?q=J.S.%20Bach%20%28any%20essentials%29&type=release,Pick a specific record,,,
86,Igor Stravinsky,The Rite of Spring,1913,Classical,Modernist,Russia,,,,,https://open.spotify.com/album/5HXl4Q5vba5n2qwsXQ9pRV,https://open.spotify.com/search/Igor%20Stravinsky%20The%20Rite%20of%20Spring,https://www.discogs.com/search/?q=Igor%20Stravinsky%20The%20Rite%20of%20Spring&type=release,,5HXl4Q5vba5n2qwsXQ9pRV,https://i.scdn.co/image/ab67616d0000b2732c6a6fae0db307bc110c1f9e,1958
87,Ludwig van Beethoven,(any essentials),,Classical,,Germany,,,,,,https://open.spotify.com/search/Ludwig%20van%20Beethoven%20%28any%20essentials%29,https://www.discogs.com/search/?q=Ludwig%20van%20Beethoven%20%28any%20essentials%29&type=release,Pick a specific record,,,
88,Claude Debussy,(any essentials),,Classical,Impressionist,France,,,,,,https://open.spotify.com/search/Claude%20Debussy%20%28any%20essentials%29,https://www.discogs.com/search/?q=Claude%20Debussy%20%28any%20essentials%29&type=release,Pick a specific record,,,
89,Erik Satie,(any essentials),,Classical,Minimalist,France,,,,,,https://open.spotify.com/search/Erik%20Satie%20%28any%20essentials%29,https://www.discogs.com/search/?q=Erik%20Satie%20%28any%20essentials%29&type=release,Pick a specific record,,,
90,Frédéric Chopin,(any essentials),,Classical,Romantic,Poland,,,,,,https://open.spotify.com/search/Fr%C3%A9d%C3%A9ric%20Chopin%20%28any%20essentials%29,https://www.discogs.com/search/?q=Fr%C3%A9d%C3%A9ric%20Chopin%20%28any%20essentials%29&type=release,Pick a specific record,,,
91,Bill Evans,(any essentials),,Jazz,,USA,,,,,,https://open.spotify.com/search/Bill%20Evans%20%28any%20essentials%29,https://www.discogs.com/search/?q=Bill%20Evans%20%28any%20essentials%29&type=release,Pick a specific record,,,
92,Dr. Dre,2001,1999,Hip Hop,G-Funk,USA,,,,,https://open.spotify.com/album/7q2B4M5EiBkqrlsNW8lB7N,https://open.spotify.com/search/Dr.%20Dre%202001,https://www.discogs.com/search/?q=Dr.%20Dre%202001&type=release,,7q2B4M5EiBkqrlsNW8lB7N,https://i.scdn.co/image/ab67616d0000b2739b19c107109de740bad72df5,1999-11-16
93,Stevie Wonder,Innervisions,1973,Soul,Funk,USA,,,,,https://open.spotify.com/album/5jgI8Eminx9MmLBontDWq8,https://open.spotify.com/search/Stevie%20Wonder%20Innervisions,https://www.discogs.com/search/?q=Stevie%20Wonder%20Innervisions&type=release,,5jgI8Eminx9MmLBontDWq8,https://i.scdn.co/image/ab67616d0000b273ea8ab1a548312b79ac955266,1973-08-03
94,Marvin Gaye,What's Going On,1971,Soul,,USA,,,,,https://open.spotify.com/album/7qD9oSiS3xFJsw2oSV2akp,https://open.spotify.com/search/Marvin%20Gaye%20What%27s%20Going%20On,https://www.discogs.com/search/?q=Marvin%20Gaye%20What%27s%20Going%20On&type=release,,7qD9oSiS3xFJsw2oSV2akp,https://i.scdn.co/image/ab67616d0000b2738b6f477c1d243e678b9f56d7,2021-01-22
95,J Dilla,Donuts,2006,Hip Hop,Instrumental,USA,,,,,https://open.spotify.com/album/5fMlysqhFE0itGn4KezMBW,https://open.spotify.com/search/J%20Dilla%20Donuts,https://www.discogs.com/search/?q=J%20Dilla%20Donuts&type=release,,5fMlysqhFE0itGn4KezMBW,https://i.scdn.co/image/ab67616d0000b27383bb78285449998bb974da45,2006-02-07
